file,url
era-colonia/dylan-bos.png,https://kingsleague.pro/_ipx/fit_outside&s_600x844/kama/production/player/3651448b-641b-41b1-9eb2-9dff345fc63b/380468861.png
era-colonia/daniel-maus.png,https://kingsleague.pro/_ipx/fit_outside&s_600x844/kama/production/player/238b1aec-1717-4854-ac23-29764dd235ba/139906540.png
era-colonia/jakov-suver.png,https://kingsleague.pro/_ipx/fit_outside&s_600x844/kama/production/player/f7719f93-0385-4816-af78-e65b015681bb/482458491.png
era-colonia/nico-czichi.png,https://kingsleague.pro/_ipx/fit_outside&s_600x844/kama/production/player/9eff7dc7-feca-4ad6-a149-7ba840de0f33/379926233.png
era-colonia/joshua-holtby.png,https://kingsleague.pro/_ipx/fit_outside&s_600x844/kama/production/player/9860d29a-e26f-4d5d-877c-a11eda2ae3b4/730960245.png
era-colonia/yoel-yilma.png,https://kingsleague.pro/_ipx/fit_outside&s_600x844/kama/production/player/7d6531b4-e4f7-4cbb-85a9-68aba3dcbe1e/977881370.png
era-colonia/moritz-leitner.png,https://kingsleague.pro/_ipx/fit_outside&s_600x844/kama/production/player/a9b80d8c-d107-4aa1-8758-5f5ffda0695a/138418876.png
era-colonia/philipp-klement.png,https://kingsleague.pro/_ipx/fit_outside&s_600x844/kama/production/player/2332a533-557c-4088-ab4d-8b196400c9f5/911698761.png
era-colonia/abdelaziz-slimi.png,https://kingsleague.pro/_ipx/fit_outside&s_600x844/kama/production/player/f8cfb64e-86bd-4009-b4e2-f05f7f64c1f2/193019143.png
era-colonia/ahmed-azirar.png,https://kingsleague.pro/_ipx/fit_outside&s_600x844/kama/production/player/9198d7ce-2806-4a48-8261-0cdf1e2dd33c/512720773.png
era-colonia/dennis-de-sousa.png,https://kingsleague.pro/_ipx/fit_outside&s_600x844/kama/production/player/702a696b-59aa-4a53-9e85-edd84529f638/309521333.png
era-colonia/elias-romers.png,https://kingsleague.pro/_ipx/fit_outside&s_600x844/kama/production/seasonTeamPlayer/b70fe17e-df60-439c-b05b-755477b472fc/874317164.png
era-colonia/erkan-kurucam.png,https://kingsleague.pro/_ipx/fit_outside&s_600x844/kama/production/player/85fd5fe6-5d1c-421a-857a-d30d15112ad4/387307104.png
era-colonia/etienne-reck.png,https://kingsleague.pro/_ipx/fit_outside&s_600x844/kama/production/player/82dcc5d3-663e-4e1b-87f3-12b918c7cb8e/28772600.png
era-colonia/mounir-bouziane.png,https://kingsleague.pro/_ipx/fit_outside&s_600x844/kama/production/player/76108ad4-9ba9-4b9c-8baa-e7b07fe7e180/532039403.png
g2-fc/ben-zollner.png,https://kingsleague.pro/_ipx/fit_outside&s_600x844/kama/production/player/13232a32-383c-49d9-96b0-02879077eb5b/130113614.png
g2-fc/jack-krause.png,https://kingsleague.pro/_ipx/fit_outside&s_600x844/kama/production/player/e9f7b610-e94a-40d2-88e2-d932371b2050/4520142.png
g2-fc/ahmed-omairat.png,https://kingsleague.pro/_ipx/fit_outside&s_600x844/kama/production/player/e7042782-a3e4-40d4-abfb-baf9b46c5f8e/44326820.png
g2-fc/cihan-ucar.png,https://kingsleague.pro/_ipx/fit_outside&s_600x844/kama/production/player/60ad0c8f-f6e7-450f-8c54-22f06e5d4ef3/653626755.png
g2-fc/mehmet-can-senocak.png,https://kingsleague.pro/_ipx/fit_outside&s_600x844/kama/production/player/fb7952d9-811d-4f93-986f-da23c6030435/131447898.png
g2-fc/staas-mitko.png,https://kingsleague.pro/_ipx/fit_outside&s_600x844/kama/production/player/2bbfb76c-3e4c-45db-b526-272b4a74e2c5/81273912.png
g2-fc/tarik-hadziavdic.png,https://kingsleague.pro/_ipx/fit_outside&s_600x844/kama/production/player/4334be0d-1a0d-4f3a-94ea-a0df310fb19f/441601413.png
g2-fc/dennis-ozturk.png,https://kingsleague.pro/_ipx/fit_outside&s_600x844/kama/production/player/cd46d88c-a7f9-4dc2-940d-fc6669cd8f99/885531347.png
g2-fc/halit-bacak.png,https://kingsleague.pro/_ipx/fit_outside&s_600x844/kama/production/player/b4417624-8bde-4dd8-ae37-3ebf511e75a1/204934100.png
g2-fc/artin-zardoshtian.png,https://kingsleague.pro/_ipx/fit_outside&s_600x844/kama/production/player/6b3bf3f2-d58e-41d7-b341-d489af095357/927020878.png
g2-fc/kenan-smajlovic.png,https://kingsleague.pro/_ipx/fit_outside&s_600x844/kama/production/player/470e1ea6-ec99-4eb9-a67a-988117406124/975017411.png
g2-fc/mohammed-izal.png,https://kingsleague.pro/_ipx/fit_outside&s_600x844/kama/production/player/a74388c4-785c-47d3-908d-93e3576a4381/672940812.png
istanbul-united/niklas-reichel.png,https://kingsleague.pro/_ipx/fit_outside&s_600x844/kama/production/player/6ac0263a-76a0-41a7-a234-3765ec1643b4/147220280.png
istanbul-united/burak-mus.png,https://kingsleague.pro/_ipx/fit_outside&s_600x844/kama/production/player/ee0e1441-f0a1-4610-9e4b-64c79fef7a74/713789502.png
istanbul-united/kerem-sengun.png,https://kingsleague.pro/_ipx/fit_outside&s_600x844/kama/production/player/5251268c-6790-4284-b3fe-6d5a7fbffb72/18368382.png
istanbul-united/mardochee-tchakoumi.png,https://kingsleague.pro/_ipx/fit_outside&s_600x844/kama/production/player/ea3de931-4878-4106-89a9-96e46fde93ab/238445333.png
istanbul-united/burak-ozmen.png,https://kingsleague.pro/_ipx/fit_outside&s_600x844/kama/production/player/31e38928-98c1-43e2-a7d9-86d5fdce9497/250943213.png
istanbul-united/murat-saglam.png,https://kingsleague.pro/_ipx/fit_outside&s_600x844/kama/production/player/ec035ef3-d0aa-4629-b7fc-d744ec1f1719/100831969.png
istanbul-united/oliver-lanwer.png,https://kingsleague.pro/_ipx/fit_outside&s_600x844/kama/production/player/68ee1e3b-a333-4cb9-a72d-6ebbb1a63025/52273953.png
istanbul-united/yousef-keshta.png,https://kingsleague.pro/_ipx/fit_outside&s_600x844/kama/production/player/af95c140-0895-447e-9fed-78a0a18ab4a4/613082593.png
istanbul-united/ilias-arssi.png,https://kingsleague.pro/_ipx/fit_outside&s_600x844/kama/production/player/bfeca96d-6ed6-4c53-9fb8-ff9254a14474/826032235.png
istanbul-united/max-wilschrey.png,https://kingsleague.pro/_ipx/fit_outside&s_600x844/kama/production/player/5fb3f716-284a-4cb0-8863-20d3261fc03e/179318987.png
istanbul-united/umut-yildiz.png,https://kingsleague.pro/_ipx/fit_outside&s_600x844/kama/production/player/0ddbd1c0-e68f-4396-a12b-7d2cbd0816c3/464893239.png
istanbul-united/ali-hassan-hammoud.png,https://kingsleague.pro/_ipx/fit_outside&s_600x844/kama/production/player/e4ef2338-4a0c-4b08-8097-030a2386bca2/265893945.png
istanbul-united/amir-ahmadi.png,https://kingsleague.pro/_ipx/fit_outside&s_600x844/kama/production/player/bbe7ae59-d98b-4509-a15e-146181e32404/680630817.png
istanbul-united/jama-telli.png,https://kingsleague.pro/_ipx/fit_outside&s_600x844/kama/production/seasonTeamPlayer/7502174b-a13e-4ded-9132-96000a6aa170/815445165.png
kaktus-kickers/kaan-gokcesin.png,https://kingsleague.pro/_ipx/fit_outside&s_600x844/kama/production/player/6a016cf7-a719-4cef-93d9-3c55e8a5345e/306516479.png
kaktus-kickers/lennard-hovel.png,https://kingsleague.pro/_ipx/fit_outside&s_600x844/kama/production/player/e0c69757-841e-4a66-a295-6f20e4d256b2/64460726.png
kaktus-kickers/daniel-bleja.png,https://kingsleague.pro/_ipx/fit_outside&s_600x844/kama/production/player/d41e707b-cdd3-400a-8e59-711f2120cdc0/651377318.png
kaktus-kickers/dario-bezerra.png,https://kingsleague.pro/_ipx/fit_outside&s_600x844/kama/production/player/43390e19-a0ed-4094-9077-c7cda99bf820/855855103.png
kaktus-kickers/taner-yalcin.png,https://kingsleague.pro/_ipx/fit_outside&s_600x844/kama/production/player/9229d665-7297-4f20-806a-70fb05316de7/721498585.png
kaktus-kickers/fabian-djemail.png,https://kingsleague.pro/_ipx/fit_outside&s_600x844/kama/production/player/deb8eb64-f07c-4a72-a221-6d352c49556f/515753046.png
kaktus-kickers/mohamed-rabia.png,https://kingsleague.pro/_ipx/fit_outside&s_600x844/kama/production/player/af46c051-a4aa-444f-9b03-6c282fda2c5c/128607759.png
kaktus-kickers/thomas-haas.png,https://kingsleague.pro/_ipx/fit_outside&s_600x844/kama/production/player/f22cae6f-bc86-485e-892d-744ee5dc3faf/327694769.png
kaktus-kickers/jacob-goker.png,https://kingsleague.pro/_ipx/fit_outside&s_600x844/kama/production/player/00a710b2-13d5-408f-849d-fbf9183e31a9/200044899.png
kaktus-kickers/bilal-abdallah.png,https://kingsleague.pro/_ipx/fit_outside&s_600x844/kama/production/player/ffcc3cad-a3bf-4066-83cf-b5f8318b0a65/492241327.png
kaktus-kickers/gaspard-fehlinger.png,https://kingsleague.pro/_ipx/fit_outside&s_600x844/kama/production/player/be63c28b-46b5-4619-9e2c-efb2332e713e/358373488.png
kaktus-kickers/mohamed-dahas.png,https://kingsleague.pro/_ipx/fit_outside&s_600x844/kama/production/player/51ecca90-4daf-4337-9bf3-4c7acc9d8307/262112372.png
kaktus-kickers/noah-can.png,https://kingsleague.pro/_ipx/fit_outside&s_600x844/kama/production/player/08b6f7a3-99d6-44fa-8576-3ff25eb966e4/672471538.png
kaktus-kickers/yazid-tambo.png,https://kingsleague.pro/_ipx/fit_outside&s_600x844/kama/production/player/0a72de93-c0b0-4f8e-af57-6505ea71b913/271071936.png
kaktus-kickers/elias-beck.png,https://kingsleague.pro/_ipx/fit_outside&s_600x844/kama/production/player/3597b94b-9c94-4fd5-a40d-3c180e45111e/190967067.png
no-rules-fc/fabio-rasic.png,https://kingsleague.pro/_ipx/fit_outside&s_600x844/kama/production/player/492bda4a-4104-4f53-ae28-ef557d04bd24/79582932.png
no-rules-fc/daniel-jelisic.png,https://kingsleague.pro/_ipx/fit_outside&s_600x844/kama/production/player/9e1ce2de-cf96-4d7e-8785-5de23ce12d9f/874787626.png
no-rules-fc/diego-de-la-mata.png,https://kingsleague.pro/_ipx/fit_outside&s_600x844/kama/production/player/e8db607b-ab5f-49f2-92fd-0bb81ddb8ced/737988865.png
no-rules-fc/diren-gunay.png,https://kingsleague.pro/_ipx/fit_outside&s_600x844/kama/production/player/43941371-fa80-47f9-be2d-0cddc7426fad/843062044.png
no-rules-fc/ensar-skrijelj.png,https://kingsleague.pro/_ipx/fit_outside&s_600x844/kama/production/player/b19aed0b-7355-477a-8548-8843053ee427/728810623.png
no-rules-fc/albin-zekiri.png,https://kingsleague.pro/_ipx/fit_outside&s_600x844/kama/production/player/e7778ccb-432e-4d2d-bdee-de7de2a4df89/709196083.png
no-rules-fc/amar-cekic.png,https://kingsleague.pro/_ipx/fit_outside&s_600x844/kama/production/player/bd977fd3-81d9-42e8-8e1a-d019ab8e7282/781383708.png
no-rules-fc/nick-salihamidzic.png,https://kingsleague.pro/_ipx/fit_outside&s_600x844/kama/production/player/bec076f7-ab39-4320-8dde-2dc1618f5a05/284511790.png
no-rules-fc/gabriel-costa.png,https://kingsleague.pro/_ipx/fit_outside&s_600x844/kama/production/player/e10ebf85-5d0d-4ea0-b06b-527d75890b75/127969538.png
no-rules-fc/gilles-vidal.png,https://kingsleague.pro/_ipx/fit_outside&s_600x844/kama/production/player/4f0fe40e-37b6-42cf-b58a-268b226c6def/71594823.png
no-rules-fc/nam-nguyen.png,https://kingsleague.pro/_ipx/fit_outside&s_600x844/kama/production/player/300687bd-53ad-471d-977e-9f79ff8c512b/146158017.png
no-rules-fc/serhat-imsak.png,https://kingsleague.pro/_ipx/fit_outside&s_600x844/kama/production/player/c95d103d-c0c9-4f01-a347-f010ad14f26b/928976100.png
tiki-tacker-ff/aboubakar-fofana.png,https://kingsleague.pro/_ipx/fit_outside&s_600x844/kama/production/player/2a097e58-3cb0-4fa4-8950-544621c4f9ad/132203366.png
tiki-tacker-ff/bennett-schauer.png,https://kingsleague.pro/_ipx/fit_outside&s_600x844/kama/production/player/d4eb093c-4690-4133-90a7-85e8eb255412/243015725.png
tiki-tacker-ff/jean-atohoun.png,https://kingsleague.pro/_ipx/fit_outside&s_600x844/kama/production/seasonTeamPlayer/14982f1b-2bf5-4ce7-9c33-5d5de12f86f4/840308053.png
tiki-tacker-ff/finn-hanke.png,https://kingsleague.pro/_ipx/fit_outside&s_600x844/kama/production/player/274c1e48-3c95-4565-a7fc-bfe1066a1bf4/383116246.png
tiki-tacker-ff/noah-dahaba.png,https://kingsleague.pro/_ipx/fit_outside&s_600x844/kama/production/player/cbd62fce-6178-46ac-8700-66eba0ac683d/269272718.png
tiki-tacker-ff/philip-koch.png,https://kingsleague.pro/_ipx/fit_outside&s_600x844/kama/production/seasonTeamPlayer/bbee4f3f-6bdb-4188-983c-e9e3e57a8da0/191644225.png
tiki-tacker-ff/zinedine-hukporti.png,https://kingsleague.pro/_ipx/fit_outside&s_600x844/kama/production/player/d48f9b34-61c4-45bf-8d58-25e425ad2f79/217373224.png
tiki-tacker-ff/ephrahim-asante.png,https://kingsleague.pro/_ipx/fit_outside&s_600x844/kama/production/player/10576cff-df21-4ad1-b147-766d1f93b252/483152944.png
tiki-tacker-ff/farukhan-bulut.png,https://kingsleague.pro/_ipx/fit_outside&s_600x844/kama/production/player/15019964-4482-46e5-a8f4-47df023898a1/176084391.png
tiki-tacker-ff/luca-freese.png,https://kingsleague.pro/_ipx/fit_outside&s_600x844/kama/production/player/a017b8c9-63b3-4d20-b577-3b3d3ea3c209/592185305.png
tiki-tacker-ff/diego-larralde.png,https://kingsleague.pro/_ipx/fit_outside&s_600x844/kama/production/player/8434c090-862e-43a0-a0d1-cc513c46f752/799526262.png
tiki-tacker-ff/fabio-lopes.png,https://kingsleague.pro/_ipx/fit_outside&s_600x844/kama/production/player/f3d4a8b9-bed6-4347-bdbc-4688a33dd3f1/319312632.png
tiki-tacker-ff/marko-tadic.png,https://kingsleague.pro/_ipx/fit_outside&s_600x844/kama/production/player/b2c5e285-3a3c-407b-bb5b-a0cb65ea0c4e/8177764.png
vice-versa-fc/marvin-gomoluch.png,https://kingsleague.pro/_ipx/fit_outside&s_600x844/kama/production/player/f6636bd1-ba58-44fa-93cd-d090473c4ac2/904832002.png
vice-versa-fc/yannick-marko.png,https://kingsleague.pro/_ipx/fit_outside&s_600x844/kama/production/player/b32ef932-4e6c-40f7-ae7e-5d1895901838/915540590.png
vice-versa-fc/ali-alawie.png,https://kingsleague.pro/_ipx/fit_outside&s_600x844/kama/production/seasonTeamPlayer/2206ed5f-7cf2-4c0c-80fe-73bdaed53829/854665532.png
vice-versa-fc/constantin-pennartz.png,https://kingsleague.pro/_ipx/fit_outside&s_600x844/kama/production/player/d81a2193-075c-4fe0-85b4-e948b6c72ab7/681711673.png
vice-versa-fc/hagen-blohm.png,https://kingsleague.pro/_ipx/fit_outside&s_600x844/kama/production/player/cb12c87e-9b8f-4a32-a5cf-6ba6ecd79205/666829007.png
vice-versa-fc/jannis-becker.png,https://kingsleague.pro/_ipx/fit_outside&s_600x844/kama/production/player/4eb16185-bbcb-42d8-9a7f-7bd694573d51/728831875.png
vice-versa-fc/maurice-pluntke.png,https://kingsleague.pro/_ipx/fit_outside&s_600x844/kama/production/player/56591f49-5170-4765-9b52-ed48866f93bf/681679353.png
vice-versa-fc/saif-ayadi.png,https://kingsleague.pro/_ipx/fit_outside&s_600x844/kama/production/player/659fe717-c15b-4a39-9669-7e42e1075e32/385617260.png
vice-versa-fc/nils-schutte.png,https://kingsleague.pro/_ipx/fit_outside&s_600x844/kama/production/player/3ac5909d-02cb-44b2-beaf-b89f8ea1cce7/669991129.png
vice-versa-fc/sven-wurm.png,https://kingsleague.pro/_ipx/fit_outside&s_600x844/kama/production/player/4c2d1e3d-03b1-493f-8232-56b70e115122/691986144.png
vice-versa-fc/david-putz.png,https://kingsleague.pro/_ipx/fit_outside&s_600x844/kama/production/player/81848223-b31c-4e7d-a9fd-fe075f6dfdae/662418470.png
vice-versa-fc/halil-dogan.png,https://kingsleague.pro/_ipx/fit_outside&s_600x844/kama/production/seasonTeamPlayer/9e2b57df-dad5-44bc-bece-78a43139d781/619697944.png
vice-versa-fc/thomas-idel.png,https://kingsleague.pro/_ipx/fit_outside&s_600x844/kama/production/player/2b75a23a-2f9c-422a-8f07-d492f9f1d26e/574754275.png
vice-versa-fc/hussain-alawie.png,https://kingsleague.pro/_ipx/fit_outside&s_600x844/kama/production/player/94ca2810-b8a5-42d5-9510-ba7ad6025ba8/494736694.png
vice-versa-fc/yassine-gnondi.png,https://kingsleague.pro/_ipx/fit_outside&s_600x844/kama/production/player/cb2ae907-4a5e-4e8b-9743-1994523b233c/252534869.png
vice-versa-fc/nuredin-ali-khan.png,https://kingsleague.pro/_ipx/fit_outside&s_600x844/kama/production/seasonTeamPlayer/678595a7-00a0-43e1-9b84-6f3acae256be/761440422.png
vice-versa-fc/shpend-hasani.png,https://kingsleague.pro/_ipx/fit_outside&s_600x844/kama/production/player/76180629-06ed-4bb2-8d05-ac445213d885/593890797.png
youniors-f-c/max-wi-mann.png,https://kingsleague.pro/_ipx/fit_outside&s_600x844/kama/production/player/93904ce0-d7d3-484b-b86a-b3e7ef1127c2/336256976.png
youniors-f-c/ahmed-azaouagh.png,https://kingsleague.pro/_ipx/fit_outside&s_600x844/kama/production/player/f0e2955a-d802-4eec-b763-1a87e083f86e/315481739.png
youniors-f-c/emir-sejdovic.png,https://kingsleague.pro/_ipx/fit_outside&s_600x844/kama/production/player/867601b6-0884-4867-aeff-b07b4fc7a4c3/903165877.png
youniors-f-c/sokratis-papastathopoulos.png,https://kingsleague.pro/_ipx/fit_outside&s_600x844/kama/production/player/ddc0cc8a-f6c5-441d-befd-5efeaf95bd8d/755334828.png
youniors-f-c/danny-blum.png,https://kingsleague.pro/_ipx/fit_outside&s_600x844/kama/production/player/ef4edc07-5b44-48d7-b4a0-3132ff3f05f6/931257219.png
youniors-f-c/christian-clemens.png,https://kingsleague.pro/_ipx/fit_outside&s_600x844/kama/production/player/6803c158-1f87-4799-aab1-b91a9fe79175/990648597.png
youniors-f-c/julien-vercauteren.png,https://kingsleague.pro/_ipx/fit_outside&s_600x844/kama/production/player/371094370.png
youniors-f-c/naoufal-azzagari.png,https://kingsleague.pro/_ipx/fit_outside&s_600x844/kama/production/player/d3fbdd65-59cc-49a9-b83e-9f6783cf88d6/430226463.png
youniors-f-c/david-brinquinho.png,https://kingsleague.pro/_ipx/fit_outside&s_600x844/kama/production/player/954fa26c-075a-49ad-9d50-a392719d85c1/281417956.png
youniors-f-c/luiz-pepinho-souza.png,https://kingsleague.pro/_ipx/fit_outside&s_600x844/kama/production/player/27c16e5a-bdbe-4f5d-baed-391bfb2aefc9/399696670.png
youniors-f-c/jhon-palacios.png,https://kingsleague.pro/_ipx/fit_outside&s_600x844/kama/production/player/07e52cee-5461-40dc-a6ba-a356b2772d77/230826566.png
youniors-f-c/lordan-handanovic.png,https://kingsleague.pro/_ipx/fit_outside&s_600x844/kama/production/player/a43bcffa-e7df-4ea3-a09e-9bd33c280a72/444579224.png
youniors-f-c/marco-terrazzino.png,https://kingsleague.pro/_ipx/fit_outside&s_600x844/kama/production/player/16b3030a-75a5-43f1-86ec-2f7c7b5827f4/271016913.png
youniors-f-c/kevin-moreira.png,https://kingsleague.pro/_ipx/fit_outside&s_600x844/kama/production/player/d41e6d94-973b-4951-a45e-14ab93fc66bb/69856604.png
youniors-f-c/maicon-silva.png,https://kingsleague.pro/_ipx/fit_outside&s_600x844/kama/production/player/571ad9bc-faa0-429e-a41c-1defce8e306a/80683105.png
